Date,rf_annual,rf_monthly
2006-01-01,0.0424,0.0034664732719604796
2006-02-01,0.0443,0.0036187656874400176
2006-03-01,0.0451,0.0036828128357737633
2006-04-01,0.046,0.00375481218114615
2006-05-01,0.0472,0.003850723023570035
2006-06-01,0.0479,0.003906624499840028
2006-07-01,0.0495,0.004034270873583212
2006-08-01,0.0496,0.004042242847743793
2006-09-01,0.0481,0.003922590062980902
2006-10-01,0.0492,0.004010350772625237
2006-11-01,0.049400000000000006,0.004026298203094747
2006-12-01,0.048499999999999995,0.003954512812942346
2007-01-01,0.049800000000000004,0.004058184707589341
2007-02-01,0.050300000000000004,0.004098027180359898
2007-03-01,0.049400000000000006,0.004026298203094747
2007-04-01,0.0487,0.003970470001804172
2007-05-01,0.0473,0.0038587110455146068
2007-06-01,0.0461,0.0037628086026935126
2007-07-01,0.0482,0.003930571797319926
2007-08-01,0.042,0.003434379290046863
2007-09-01,0.038900000000000004,0.003185267308280393
2007-10-01,0.039,0.0031933138078821255
2007-11-01,0.0327,0.0026849924609559928
2007-12-01,0.03,0.0024662697723036864
2008-01-01,0.0275,0.0022632796417700884
2008-02-01,0.0212,0.0017497295255153311
2008-03-01,0.0126,0.0010439846190974933
2008-04-01,0.0129,0.0010686959582126843
2008-05-01,0.0173,0.0014303602255574255
2008-06-01,0.018600000000000002,0.0015369411743291206
2008-07-01,0.0163,0.0013482898900922802
2008-08-01,0.0172,0.001422156520640705
2008-09-01,0.0113,0.0009368245400691588
2008-10-01,0.0067,0.0005566260882747809
2008-11-01,0.0019,0.00015819561853080977
2008-12-01,0.0003,2.4996563158685703e-05
2009-01-01,0.0013,0.00010826883828274347
2009-02-01,0.003,0.00024965690741618474
2009-03-01,0.0021,0.00017483178814159395
2009-04-01,0.0016,0.0001332356553898073
2009-05-01,0.0018,0.00014987639212593606
2009-06-01,0.0018,0.00014987639212593606
2009-07-01,0.0018,0.00014987639212593606
2009-08-01,0.0017000000000000001,0.00014155640446089635
2009-09-01,0.0012,9.994504212973432e-05
2009-10-01,0.0007000000000000001,5.831462642125196e-05
2009-11-01,0.0005,4.165712110459907e-05
2009-12-01,0.0005,4.165712110459907e-05
2010-01-01,0.0006,4.99862552685304e-05
2010-02-01,0.0011,9.162048384192545e-05
2010-03-01,0.0015,0.00012491414476678564
2010-04-01,0.0016,0.0001332356553898073
2010-05-01,0.0016,0.0001332356553898073
2010-06-01,0.0012,9.994504212973432e-05
2010-07-01,0.0016,0.0001332356553898073
2010-08-01,0.0016,0.0001332356553898073
2010-09-01,0.0015,0.00012491414476678564
2010-10-01,0.0013,0.00010826883828274347
2010-11-01,0.0014000000000000002,0.00011659187244639213
2010-12-01,0.0014000000000000002,0.00011659187244639213
2011-01-01,0.0015,0.00012491414476678564
2011-02-01,0.0013,0.00010826883828274347
2011-03-01,0.001,8.329516327321151e-05
2011-04-01,0.0006,4.99862552685304e-05
2011-05-01,0.0004,3.3327223783574667e-05
2011-06-01,0.0004,3.3327223783574667e-05
2011-07-01,0.0004,3.3327223783574667e-05
2011-08-01,0.0002,1.6665139084048874e-05
2011-09-01,0.0001,8.332951413336787e-06
2011-10-01,0.0002,1.6665139084048874e-05
2011-11-01,0.0001,8.332951413336787e-06
2011-12-01,0.0001,8.332951413336787e-06
2012-01-01,0.0003,2.4996563158685703e-05
2012-02-01,0.0009,7.496908027748717e-05
2012-03-01,0.0008,6.66422347088691e-05
2012-04-01,0.0008,6.66422347088691e-05
2012-05-01,0.0009,7.496908027748717e-05
2012-06-01,0.0009,7.496908027748717e-05
2012-07-01,0.001,8.329516327321151e-05
2012-08-01,0.001,8.329516327321151e-05
2012-09-01,0.0011,9.162048384192545e-05
2012-10-01,0.001,8.329516327321151e-05
2012-11-01,0.0009,7.496908027748717e-05
2012-12-01,0.0007000000000000001,5.831462642125196e-05
2013-01-01,0.0007000000000000001,5.831462642125196e-05
2013-02-01,0.001,8.329516327321151e-05
2013-03-01,0.0009,7.496908027748717e-05
2013-04-01,0.0006,4.99862552685304e-05
2013-05-01,0.0004,3.3327223783574667e-05
2013-06-01,0.0005,4.165712110459907e-05
2013-07-01,0.0004,3.3327223783574667e-05
2013-08-01,0.0004,3.3327223783574667e-05
2013-09-01,0.0002,1.6665139084048874e-05
2013-10-01,0.0005,4.165712110459907e-05
2013-11-01,0.0007000000000000001,5.831462642125196e-05
2013-12-01,0.0007000000000000001,5.831462642125196e-05
2014-01-01,0.0004,3.3327223783574667e-05
2014-02-01,0.0005,4.165712110459907e-05
2014-03-01,0.0005,4.165712110459907e-05
2014-04-01,0.0003,2.4996563158685703e-05
2014-05-01,0.0003,2.4996563158685703e-05
2014-06-01,0.0004,3.3327223783574667e-05
2014-07-01,0.0003,2.4996563158685703e-05
2014-08-01,0.0003,2.4996563158685703e-05
2014-09-01,0.0002,1.6665139084048874e-05
2014-10-01,0.0002,1.6665139084048874e-05
2014-11-01,0.0002,1.6665139084048874e-05
2014-12-01,0.0003,2.4996563158685703e-05
2015-01-01,0.0003,2.4996563158685703e-05
2015-02-01,0.0002,1.6665139084048874e-05
2015-03-01,0.0003,2.4996563158685703e-05
2015-04-01,0.0002,1.6665139084048874e-05
2015-05-01,0.0002,1.6665139084048874e-05
2015-06-01,0.0002,1.6665139084048874e-05
2015-07-01,0.0003,2.4996563158685703e-05
2015-08-01,0.0007000000000000001,5.831462642125196e-05
2015-09-01,0.0002,1.6665139084048874e-05
2015-10-01,0.0002,1.6665139084048874e-05
2015-11-01,0.0012,9.994504212973432e-05
2015-12-01,0.0023,0.0001914649144576508
2016-01-01,0.0026,0.00021640890030050208
2016-02-01,0.0031,0.0002579670100431031
2016-03-01,0.0029,0.00024134604527370485
2016-04-01,0.0023,0.0001914649144576508
2016-05-01,0.0027,0.00022472204186096967
2016-06-01,0.0027,0.00022472204186096967
2016-07-01,0.003,0.00024965690741618474
2016-08-01,0.003,0.00024965690741618474
2016-09-01,0.0029,0.00024134604527370485
2016-10-01,0.0033,0.0002745849373302356
2016-11-01,0.0045000000000000005,0.00037422877886217343
2016-12-01,0.0051,0.0004240097874610438
2017-01-01,0.0051,0.0004240097874610438
2017-02-01,0.0052,0.00043230397371596396
2017-03-01,0.0074,0.0006145849741192588
2017-04-01,0.008,0.0006642346436225299
2017-05-01,0.0089,0.000738658376514767
2017-06-01,0.0098,0.0008130212763268752
2017-07-01,0.010700000000000001,0.0008873234469353175
2017-08-01,0.0101,0.0008377954090970086
2017-09-01,0.0103,0.0008543077507923158
2017-10-01,0.010700000000000001,0.0008873234469353175
2017-11-01,0.0123,0.0010192665680117674
2017-12-01,0.0132,0.0010934005891671816
2018-01-01,0.0141,0.0011674742711142994
2018-02-01,0.015700000000000002,0.001299012149938772
2018-03-01,0.017,0.0014057468926966799
2018-04-01,0.0176,0.0014549669057570824
2018-05-01,0.018600000000000002,0.0015369411743291206
2018-06-01,0.019,0.001569710227413701
2018-07-01,0.0196,0.00161884170512816
2018-08-01,0.0203,0.0016761282769228725
2018-09-01,0.0213,0.0017579037712718293
2018-10-01,0.0225,0.001855937535336194
2018-11-01,0.0233,0.001921234803683225
2018-12-01,0.023700000000000002,0.0019538658918776264
2019-01-01,0.023700000000000002,0.0019538658918776264
2019-02-01,0.0239,0.001970177053312705
2019-03-01,0.024,0.001978331538843303
2019-04-01,0.023799999999999998,0.0019620218377029985
2019-05-01,0.0235,0.001937551809032545
2019-06-01,0.0217,0.0017905934192179451
2019-07-01,0.021,0.00173337883251512
2019-08-01,0.0195,0.0016106549662961989
2019-09-01,0.0189,0.0015615190697231274
2019-10-01,0.0165,0.001364709877352599
2019-11-01,0.0154,0.0012743632726075482
2019-12-01,0.0154,0.0012743632726075482
2020-01-01,0.0152,0.0012579269787644787
2020-02-01,0.0152,0.0012579269787644787
2020-03-01,0.0029,0.00024134604527370485
2020-04-01,0.0014000000000000002,0.00011659187244639213
2020-05-01,0.0013,0.00010826883828274347
2020-06-01,0.0016,0.0001332356553898073
2020-07-01,0.0013,0.00010826883828274347
2020-08-01,0.001,8.329516327321151e-05
2020-09-01,0.0011,9.162048384192545e-05
2020-10-01,0.001,8.329516327321151e-05
2020-11-01,0.0009,7.496908027748717e-05
2020-12-01,0.0009,7.496908027748717e-05
2021-01-01,0.0008,6.66422347088691e-05
2021-02-01,0.0004,3.3327223783574667e-05
2021-03-01,0.0003,2.4996563158685703e-05
2021-04-01,0.0002,1.6665139084048874e-05
2021-05-01,0.0002,1.6665139084048874e-05
2021-06-01,0.0004,3.3327223783574667e-05
2021-07-01,0.0005,4.165712110459907e-05
2021-08-01,0.0005,4.165712110459907e-05
2021-09-01,0.0004,3.3327223783574667e-05
2021-10-01,0.0005,4.165712110459907e-05
2021-11-01,0.0005,4.165712110459907e-05
2021-12-01,0.0006,4.99862552685304e-05
2022-01-01,0.0015,0.00012491414476678564
2022-02-01,0.0033,0.0002745849373302356
2022-03-01,0.0044,0.0003659292942366221
2022-04-01,0.0076,0.0006311378751067132
2022-05-01,0.0098,0.0008130212763268752
2022-06-01,0.0149,0.0012332669717645128
2022-07-01,0.0223,0.0018396059010297172
2022-08-01,0.0263,0.002165683518015493
2022-09-01,0.0313,0.0025716462189622202
2022-10-01,0.037200000000000004,0.0030483680766628662
2022-11-01,0.0415,0.0033942459274463044
2022-12-01,0.0425,0.003474495003497502
2023-01-01,0.0454,0.003706818930553135
2023-02-01,0.04650000000000001,0.0037947872834442897
2023-03-01,0.046900000000000004,0.003826754761650397
2023-04-01,0.0492,0.004010350772625237
2023-05-01,0.051399999999999994,0.004185619455328249
2023-06-01,0.0516,0.004201536297631092
2023-07-01,0.0525,0.004273127766158069
2023-08-01,0.053,0.004312876559829704
2023-09-01,0.053200000000000004,0.0043287712331259165
2023-10-01,0.053399999999999996,0.004344663139834726
2023-11-01,0.0527,0.0042890293603305985
2023-12-01,0.0524,0.0042651759303415915
2024-01-01,0.052199999999999996,0.004249270180617826
2024-02-01,0.0524,0.0042651759303415915
2024-03-01,0.0524,0.0042651759303415915
2024-04-01,0.0524,0.0042651759303415915
2024-05-01,0.0525,0.004273127766158069
2024-06-01,0.0524,0.0042651759303415915
2024-07-01,0.052000000000000005,0.0042333616592649115
2024-08-01,0.050499999999999996,0.004113959301397019
2024-09-01,0.0472,0.003850723023570035
2024-10-01,0.0451,0.0036828128357737633
2024-11-01,0.044199999999999996,0.0036107566318024364
2024-12-01,0.042699999999999995,0.0034905363507502507
2025-01-01,0.0421,0.003442403844149622
2025-02-01,0.042199999999999994,0.0034504276924163246
2025-03-01,0.042,0.003434379290046863
2025-04-01,0.0421,0.003442403844149622
2025-05-01,0.0425,0.003474495003497502
2025-06-01,0.042300000000000004,0.003458450834976645
2025-07-01,0.0425,0.003474495003497502
2025-08-01,0.0412,0.0033701574315379013
2025-09-01,0.0392,0.0032094046775821283
2025-10-01,0.0382,0.003128921923478689
2025-11-01,0.0378,0.003096708923229885
2025-12-01,0.0359,0.0029435415760119543
